{
    "original": {
        "accuracy": 0.8658199889563777,
        "precision": 0.8649689980731884,
        "recall": 0.8658199889563777,
        "f1": 0.8640913789023479,
        "privacidad": "baja"
    },
    "anonimizado": {
        "accuracy": 0.8816621499548328,
        "precision": 0.8835188896604917,
        "recall": 0.8816621499548328,
        "f1": 0.882478927898738,
        "privacidad": "media-alta"
    },
    "sintetico": {
        "accuracy": 0.726620149590884,
        "precision": 0.721941248733421,
        "recall": 0.726620149590884,
        "f1": 0.7223881193581202,
        "privacidad": "muy alta"
    }
}