{
    "original": {
        "accuracy": 0.8398674765323026,
        "precision": 0.853782468128587,
        "recall": 0.8398674765323026,
        "f1": 0.8440588788153702,
        "privacidad": "baja"
    },
    "anonimizado": {
        "accuracy": 0.739184984442437,
        "precision": 0.6451257676705257,
        "recall": 0.739184984442437,
        "f1": 0.6779330311323377,
        "privacidad": "media-alta"
    },
    "sintetico": {
        "accuracy": 0.7492093770393052,
        "precision": 0.7448103746667154,
        "recall": 0.7492093770393052,
        "f1": 0.7323974749609317,
        "privacidad": "muy alta"
    }
}