{
    "original": {
        "accuracy": 0.8658199889563777,
        "precision": 0.8649689980731884,
        "recall": 0.8658199889563777,
        "f1_score": 0.8640913789023479
    },
    "anonimizado": {
        "accuracy": 0.8816621499548328,
        "precision": 0.8835188896604917,
        "recall": 0.8816621499548328,
        "f1_score": 0.882478927898738
    }
}